Handle,Profession
GrahamJCampbell,Developer
fabpot,Developer
mwop,Developer
konstantinhaase,Developer
joshpeek,Developer
samypesse,Developer
rstacruz,Developer
tmm1,Developer
michalbe,Developer
teabass,Developer
Ocramius,Developer
steipete,Developer
afollestad,Developer
feross,Developer
KrauseFx,Developer
tmcw,Developer
nzgb,Developer
mikermcneil,Developer
taylorotwell,Developer
taylorotwell,Developer
gdi2290,Developer
benbalter,Developer
dcramer,Developer
HugoGiraudel,Developer
mrmrs_,Developer
hadleywickham,Developer
alex_gaynor,Developer
mbostock,Developer
atmos,Developer
DataTables,Developer
youyuxi,Developer
kevinsawicki,Developer
mdo,Developer
nvie,Developer
JedWatson,Developer
michaelklishin,Developer
orta,Developer
frsyuki,Developer
steveklabnik,Developer
savant,Developer
josephmisiti,Developer
nicolasgramlich,Developer
zcbenz,Developer
pippinsplugins,Developer
rob_rix,Developer
parkr,Developer
paulcbetts,Developer
jdalton,Developer
mark_story,Developer
donne_martin,Developer
david_syer,Developer
mgechev,Developer
ryanbigg,Developer
JakeWharton,Developer
featherless,Developer
josevalim,Developer
dan_abramov,Developer
kripken,Developer
joshaber,Developer
geerlingguy,Developer
stefanpenner,Developer
springmeyer,Developer
danlew42,Developer
EisenbergEffect,Developer
numbbbbb,Developer
vladikoff,Developer
rafaelfranca,Developer
paulmillr,Developer
Raynos,Developer
zenorocha,Developer
UriGoldshtein,Developer
rem,Developer
eduardolundgren,Developer
notwaldorf,Developer
Javi,Developer
dominictarr,Developer
substack,Developer
ashfurrow,Developer
kylefuller,Developer
yiminghe,Developer
soffes,Developer
mattdesl,Developer
couac,Developer
jedisct1,Developer
cvrebert,Developer
soyjavi,Developer
technoweenie,Developer
brianleroux,Developer
Seldaek,Developer
rauchg,Developer
mitsuhiko,Developer
indutny,Developer
Cmrn_DP,Developer
EvNowAndForever,Developer
mafintosh,Developer
kytrinyx,Developer
andrestaltz,Developer
bitsweat,Developer
FezVr4sta,Developer
xieyihui,Developer
francoisz,Developer
andreysitnik,Developer
jnunemaker,Developer
jessfraz,Developer
zilongshanren,Developer
soumithchintala,Developer
dougwilson,Developer
_tomchristie,Developer
arunoda,Developer
mkristensen,Developer
mrdoob,Developer
ericholscher,Developer
pedro_g_s,Developer
kentcdodds,Developer
mike_penz,Developer
ag_dubs,Developer
mathias,Developer
bbatsov,Developer
muanchiou,Developer
notbrent,Developer
mitchellh,Developer
weaverryan,Developer
johnlmacfarlane,Developer
ddollar,Developer
jakiestfu,Developer
pkrumins,Developer
mattn_jp,Developer
luren8527,Developer
ebidel,Developer
sam_dark,Developer
alloy,Developer
_JamesWard,Developer
indragie,Developer
tokuhirom,Developer
schwa,Developer
ajaxdavis,Developer
currankelleher,Developer
amasad,Developer
linus__torvalds,Developer
drnic,Developer
moonscript,Developer
rwaldron,Developer
benjamn,Developer
Caged,Developer
jesse_squires,Developer
_chjj,Developer
matteocollina,Developer
mjackson,Developer
swannodette,Developer
tqchenml,Developer
simurai,Developer
jllord,Developer
domenic,Developer
marijnjh,Developer
appleboy,Developer
_vhf,Developer
sferik,Developer
ossia,Developer
prakharsriv9,Developer
slicknet,Developer
sebmck,Developer
ste_grider,Developer
thejameskyle,Developer
kriskowal,Developer
kriskowal,Developer
gorhill,Developer
creationix,Developer
gnumanth,Developer
ibdknox,Developer
_chenglou,Developer
_ericelliott,Developer
Haacked,Developer
kmett,Developer
davecheney,Developer
kazuho,Developer
rdegges,Developer
shiffman,Developer
tylermcginnis33,Developer
apotonick,Developer
li_haoyi,Developer
chrisjenx,Developer
aaronpk,Developer
evanwallace,Developer
sanityinc,Developer
leeb,Developer
agentzh,Developer
jonskeet,Developer
samuelclay,Developer
denormalize,Developer
samccone,Developer
jessewilson,Developer
jamesmontemagno,Developer
jiyinyiyong,Developer
mourner,Developer
wbond,Developer
jennschiffer,Developer
tekkub,Developer
kohsukekawa,Developer
passy,Developer
jch2355,Developer
stof70,Developer
andrewkane,Developer
ericdouglas_,Developer
eranhammer,Developer
olivergierke,Developer
k_katsumi,Developer
balupton,Developer
jamztang,Developer
belleveinvis,Developer
ammeep,Developer
kartik_v,Developer
SamSaffron,Developer
weavejester,Developer
cyanogen,Developer
AllenDowney,Developer
webmozart,Developer
cheeaun,Developer
s_bergmann,Developer
addyosmani,Developer
rasbt,Developer
azat_co,Developer
davidfowl,Developer
fnando,Developer
macournoyer,Developer
rob_dodson,Developer
toddmotto,Developer
paul_irish,Developer
juliangruber,Developer
bkeepers,Developer
zpao,Developer
una,Developer
tjholowaychuk,Developer
john_papa,Developer
amuellerml,Developer
AdamBien,Developer
akrabat,Developer
npann,Architect
etroxel,Architect
archy_type,Architect
leecalisti,Architect
BusinessofArch,Architect
ArchitectMM,Architect
bobborson,Architect
randydeutsch,Architect
Jeff_Echols,Architect
Parthenon1,Architect
RosaSheng,Architect
BenAdamSmith,Architect
mondo_tiki_man,Architect
CoteRenard,Architect
seandburke,Architect
ElrondBurrell,Architect
BuildingContent,Architect
SimplyBrinn,Architect
HawkinsArch,Architect
liraluis,Architect
wjmarchitect,Architect
FrankCunhaIII,Architect
Shoegnome,Architect
hurlechr,Elementary School Librarian
Alouthan,Elementary School Librarian
bbelardi,Elementary School Librarian
caharvey2,Elementary School Librarian
calvamom,Elementary School Librarian
connect2jamie,Elementary School Librarian
cskiles62,Elementary School Librarian
scrappylibrary,Elementary School Librarian
dawnsayre,Elementary School Librarian
dforsythe,Elementary School Librarian
DJ345,Elementary School Librarian
ekoch,Elementary School Librarian
atconnolly,Elementary School Librarian
ghostlibrarian,Elementary School Librarian
brendadanderson,Elementary School Librarian
Pamelamanders,Elementary School Librarian
SusanGeidner,Elementary School Librarian
TechieLMS,Elementary School Librarian
ktsillman,Elementary School Librarian
lryan61,Elementary School Librarian
MichelePierceB,Elementary School Librarian
staciammw,Elementary School Librarian
icmguy,Elementary School Librarian
jwelibrary,Elementary School Librarian
kellifersue,Elementary School Librarian
kellybrannock,Elementary School Librarian
kkliegman,Elementary School Librarian
Ldierks,Elementary School Librarian
pbutts,Elementary School Librarian
phenderson22,Elementary School Librarian
typicalibrarian,Elementary School Librarian
GlenGilmore,Doctors and health care professionals
RRuth_TSG,Doctors and health care professionals
stemcellsglobal,Doctors and health care professionals
KevinMD,Doctors and health care professionals
AmerMedicalAssn,Doctors and health care professionals
RedCross,Doctors and health care professionals
rilescat,Doctors and health care professionals
ahier,Doctors and health care professionals
epatientdave,Doctors and health care professionals
drwalker_rph,Doctors and health care professionals
philbaumann,Doctors and health care professionals
Health_Affairs,Doctors and health care professionals
nursefriendly,Doctors and health care professionals
lindner_sarah,Doctors and health care professionals
chopemurray,Doctors and health care professionals
kamiyamay,Doctors and health care professionals
bigzigfitness,Doctors and health care professionals
giasison,Doctors and health care professionals
ElinSilveous,Doctors and health care professionals
GailZahtz,Doctors and health care professionals
NatriceR,Doctors and health care professionals
going2medschool,Doctors and health care professionals
CSlaterMD,Doctors and health care professionals
SandyHubbard,Doctors and health care professionals
LALupusLady,Doctors and health care professionals
ChatHealth,Doctors and health care professionals
MandiBPro,Doctors and health care professionals
MarksPhone,Doctors and health care professionals
CaptainAccess,Doctors and health care professionals
NAMIOC,Doctors and health care professionals
ChronicPainGPS,Doctors and health care professionals
RannPatterson,Doctors and health care professionals
CortLane,Doctors and health care professionals
charter4values,Doctors and health care professionals
Saif_Abed,Doctors and health care professionals
Mass_Consumer,Doctors and health care professionals
DrLeanaWen,Doctors and health care professionals
gordondeb,Doctors and health care professionals
AtriusHealth,Doctors and health care professionals
healthhashtags,Doctors and health care professionals
WashingtonPost,Doctors and health care professionals
_NetworkHealth,Doctors and health care professionals
juscohen,Doctors and health care professionals
CordeliaMulholl,@APA_Planning
dgupta_moushumi,@APA_Planning
mikewagnerjr38,@APA_Planning
MaryamGhyabi,@APA_Planning
gracianaXXI,@APA_Planning
AllSharpton,@APA_Planning
UCCALUCLA,@APA_Planning
UTPresident,@APA_Planning
lorenzojuniah,@APA_Planning
ChadWakePMP,@APA_Planning
BrettWHolt,@APA_Planning
iamjamiecat,@APA_Planning
Billy__Quinlan,@APA_Planning
dunc_louis,@APA_Planning
SaintLouisOFA,@APA_Planning
jspantry,@APA_Planning
MIAUrbanFuture,@APA_Planning
allison_END305,@APA_Planning
ArtSavesLives17,@APA_Planning
TheHeightsAkron,@APA_Planning
madamwestbikes,@APA_Planning
A_M_Dolan,@APA_Planning
SymposiumPublic,@APA_Planning
Loki_Box_Design,@APA_Planning
InViTool,@APA_Planning
Jenna__Richter,@APA_Planning
TrueJB2030,@APA_Planning
BuildingBytown,@APA_Planning
renewables4life,@APA_Planning
roadbotics,@APA_Planning
allison_END305,@APA_Planning
ArtSavesLives17,@APA_Planning
TheHeightsAkron,@APA_Planning
madamwestbikes,@APA_Planning
A_M_Dolan,@APA_Planning
SymposiumPublic,@APA_Planning
Loki_Box_Design,@APA_Planning
InViTool,@APA_Planning
Jenna__Richter,@APA_Planning
TrueJB2030,@APA_Planning
BuildingBytown,@APA_Planning
renewables4life,@APA_Planning
roadbotics,@APA_Planning
juanantonduran,@APA_Planning
ywcodetroit,@APA_Planning
Velvet_Spicer,@APA_Planning
andyrowe51,@APA_Planning
VanPublicEngage,@APA_Planning
sitesearchselec,@APA_Planning
DataAndSenses,@APA_Planning
JenniferKnesek,@APA_Planning
Nicolaie31,@APA_Planning
AURROWINC,@APA_Planning
TransportSports,@APA_Planning
drivers_manager,@APA_Planning
UrbanBrewYWG,@APA_Planning
PurdonPlanning,@APA_Planning
dcatjd,@APA_Planning
FixRStreets216,@APA_Planning
hollymcphail323,@APA_Planning
Kharsha13,@APA_Planning
MinnesotaWalks,@APA_Planning
Colleen1McInern,@APA_Planning
VALGOconsult,@APA_Planning
icomosSDG2030,@APA_Planning
SocietyforHIA,@APA_Planning
cashmonger,@APA_Planning
GypsyGavia,@APA_Planning
JacksonLakeSP,@APA_Planning
willpie,@APA_Planning
the_elle_HTX,@APA_Planning
agawxaxa,@APA_Planning
MiguelGBlanco,@APA_Planning
HappyWedding12,@APA_Planning
mcdbrett,@APA_Planning
BluffCityBlight,@APA_Planning
RevMyCommunity,@APA_Planning
nightczar,@APA_Planning
TerryHawsey1,@APA_Planning
SMARTMobility21,@APA_Planning
academicpolitic,@APA_Planning
JW_PublicHealth,@APA_Planning
Healthy_Newark,@APA_Planning
EhilinUceta,@APA_Planning
moustafakd,@APA_Planning
Moltisanti71,@APA_Planning
Greencityprojec,@APA_Planning
cityplacera,@APA_Planning
facepalmeiro,@APA_Planning
io_tweets,@APA_Planning
eppslab,@APA_Planning
TheInfraLab,@APA_Planning
KPFF_Eugene,@APA_Planning
KSWUrban,@APA_Planning
McLarenChase_,@APA_Planning
CherylAutoChat,@APA_Planning
shdw_st,@APA_Planning
BigIslandMaps,@APA_Planning
AllinDenver,@APA_Planning
VivreMontreal,@APA_Planning
Harborkeepers,@APA_Planning
ResilienzResear,@APA_Planning
Eagle_Dev,@APA_Planning
DrTooran,@APA_Planning
SouthernRailCms,@APA_Planning
CarFreeNYC,@APA_Planning
LoreeMischCRE,@APA_Planning
JJ_Guz,@APA_Planning
ZensoSecurity,@APA_Planning
ItIsmeLV,@APA_Planning
LeilaKaba,@APA_Planning
tritraa,@APA_Planning
apphil,@APA_Planning
drlungamam,@APA_Planning
UjenziBora,@APA_Planning
SimonaCostanzoS,@APA_Planning
camden_life,@APA_Planning
DadreaDavie,@APA_Planning
hussam_tafish,@APA_Planning
Tec_Sustentable,@APA_Planning
SmartRailTim,@APA_Planning
AssetMagazine,@APA_Planning
CSzoradi,@APA_Planning
bedbrownstones,@APA_Planning
NCreativityN,@APA_Planning
KatzandAssoc,@APA_Planning
peanutnozone,@APA_Planning
jesscrane91,@APA_Planning
rachel__bruce,@APA_Planning
RTalaveraG,@APA_Planning
UnlockTheGrid,@APA_Planning
gohrt_com,@APA_Planning
assembledge,@APA_Planning
UrbanSConsult,@APA_Planning
TSUOxford,@APA_Planning
pietrokhoury,@APA_Planning
PBProject,@APA_Planning
TCPAHealth,@APA_Planning
SarahMarlaSays,@APA_Planning
kelvinnkanya,@APA_Planning
clemblakeslee,@APA_Planning
presley_presley,@APA_Planning
MaggieMelin,@APA_Planning
farah_way,@APA_Planning
SCAGnews,@APA_Planning
BrickHouseTitle,@APA_Planning
ppratabou,@APA_Planning
abenz34,@APA_Planning
IntlDwtnAssoc,@APA_Planning
wasserhoevel,@APA_Planning
monica1188,@APA_Planning
AwareWarrior,@APA_Planning
missbubbletea,@APA_Planning
downi94,@APA_Planning
lamjy1,@APA_Planning
AsidMaryland,@APA_Planning
CyclingSurgeon,@APA_Planning
ericwmiller,@APA_Planning
Marina_PSU,@APA_Planning
RadoloApps,@APA_Planning
mindyjustis,@APA_Planning
jessandjones,@APA_Planning
martinortega92,@APA_Planning
CameronTurner55,@APA_Planning
nanjpowell,@APA_Planning
MontgomCorneil,@APA_Planning
dickeydiana,@APA_Planning
MichaelSampaio8,@APA_Planning
ShushannaCM,@APA_Planning
jesus_guzman,@APA_Planning
RGuyatt,@APA_Planning
keziahcahya,@APA_Planning
heyjenrobs,@APA_Planning
Suburbnwlkingma,@APA_Planning
BengoinCanada,@APA_Planning
skandibal,@APA_Planning
geoplanadv,@APA_Planning
dkpropst,@APA_Planning
rchoula,@APA_Planning
BrucewMitchell,@APA_Planning
cdejong88,@APA_Planning
ChampionTrades,@APA_Planning
nicolecweyandt,@APA_Planning
transpodataguy,@APA_Planning
ChrisKengele,@APA_Planning
SantiagoDeMars,@APA_Planning
BeardedBrian,@APA_Planning
BINJreports,@APA_Planning
KennyMitch_,@APA_Planning
miamishelter,@APA_Planning
HytchMe,@APA_Planning
wie_rockstar,@APA_Planning
WPCatering,@APA_Planning
sally_gp,@APA_Planning
calpolyCAED,@APA_Planning
tinytara310,@APA_Planning
rasa_io,@APA_Planning
ArchaeologyTO,@APA_Planning
anuaim,@APA_Planning
eterneetu,@APA_Planning
aeiouxyz,@APA_Planning
FOOW_ECO_RIDER,@APA_Planning
KosmontTweets,@APA_Planning
ogprest,@APA_Planning
TheBisonDip,@APA_Planning
AlyOMalley,@APA_Planning
SCWorksTrident,@APA_Planning
msramming,@APA_Planning
Adolf_6260,@APA_Planning
Camila_7530,@APA_Planning
artofdai,@APA_Planning
quinnevansarch,@APA_Planning
thinktankGLocal,@APA_Planning
MaxTuttleman,@APA_Planning
is_curr,@APA_Planning
UCLA_PLI,@APA_Planning
AfricaWTPoverty,@APA_Planning
Syedap,@APA_Planning
Aurania101,@APA_Planning
UE_Australia,@APA_Planning
MistyEdgecomb,@APA_Planning
kngcyl,@APA_Planning
MichelleSurka,@APA_Planning
avelezig,@APA_Planning
deelebe,@APA_Planning
keeksmcgeeks,@APA_Planning
DanCFish,@APA_Planning
MarjorieParker,@APA_Planning
rayrlewis1,@APA_Planning
liz_granger,@APA_Planning
alison_bowden,@APA_Planning
JRMCincy,@APA_Planning
RYSPAN,@APA_Planning
RyanMelloTacoma,@APA_Planning
lunanoire28,@APA_Planning
concentratdHamm,@APA_Planning
yurylifshits,@APA_Planning
arquitek216,@APA_Planning
Yomiurban,@APA_Planning
iitxelita,@APA_Planning
BMI_UCLA,@APA_Planning
_ianfrancis,@APA_Planning
surfbig81,@APA_Planning
hobbytalents,@APA_Planning
APICaucus,@APA_Planning
s_cottage212,@APA_Planning
herocharlatans,@APA_Planning
TeleportInc,@APA_Planning
CToolBox,@APA_Planning
justinpini,@APA_Planning
jorgealeyarad,@APA_Planning
VAGEOL,@APA_Planning
tamimallett,@APA_Planning
workingatuoft,@APA_Planning
urisatexas,@APA_Planning
People_Service,@APA_Planning
sanwilliamson,@APA_Planning
inhomehealing,@APA_Planning
carachitrastogi,@APA_Planning
mshulski3,@APA_Planning
MPavilion,@APA_Planning
SAMCEDA,@APA_Planning
Cara_Pattullo,@APA_Planning
chrisgio42,@APA_Planning
ForestCityREIT,@APA_Planning
acontent,@APA_Planning
karencampa,@APA_Planning
jbyer,@APA_Planning
mdrouse5,@APA_Planning
bpeterman007,@APA_Planning
dawill333,@APA_Planning
kalmyktulip,@APA_Planning
bdnews24,@APA_Planning
RizeAlliance,@APA_Planning
pearlgsims1,@APA_Planning
AstroEconomist,@APA_Planning
MarketGardenCLE,@APA_Planning
plhiott,@APA_Planning
osa9wr,@APA_Planning
eliseannette,@APA_Planning
bee_side,@APA_Planning
DouglasDowellJD,@APA_Planning
mhartt,@APA_Planning
NewClimateEcon,@APA_Planning
profstevek,@APA_Planning
BobPickard,@APA_Planning
IRMwrites,@APA_Planning
aylashibs,@APA_Planning
ChicagoIversen,@APA_Planning
Ash_Kalra,@APA_Planning
Kuntry_Bwoy,@APA_Planning
katiepatrick,@APA_Planning
YasmeinOkour,@APA_Planning
silva_her,@APA_Planning
ReinaldoRMG,@APA_Planning
Khalid_alraisii,@APA_Planning
invisiblepeople,@APA_Planning
adamevolv3,@APA_Planning
adr1ennehubba,@APA_Planning
adlaigordon,@APA_Planning
wholesale_2_you,@APA_Planning
rscullin,@APA_Planning
Machaneus,@APA_Planning
Mmmmattrodgers,@APA_Planning
MelanieDCtx,@APA_Planning
kalia_edmonds,@APA_Planning
meganzin,@APA_Planning
chijereboyle,@APA_Planning
sbloomquist,@APA_Planning
City2Suburbia,@APA_Planning
MrsRoadshow,@APA_Planning
johnenglander,@APA_Planning
SkylineExhibits,@APA_Planning
purpleflowers88,@APA_Planning
Ashish2151Joshi,@APA_Planning
cobbfendley,@APA_Planning
AliSanWoman,@APA_Planning
50statestrategy,@APA_Planning
rambcn,@APA_Planning
scrapbook1_t,@APA_Planning
JorulfBS,@APA_Planning
zoietmatthew,@APA_Planning
PatTrouba,@APA_Planning
Lande_Use,@APA_Planning
rebekastl,@APA_Planning
tanyazwahlen,@APA_Planning
laurenxfarrow,@APA_Planning
BioMicrobics,@APA_Planning
arieIIopez,@APA_Planning
Oeilelectrique,@APA_Planning
Mkgoldman1,@APA_Planning
motab88,@APA_Planning
ah2hj,@AOAConnect
RSBCcharity,@AOAConnect
MarkBowersOD,@AOAConnect
Optominsights,@AOAConnect
OculistItaliano,@AOAConnect
hypejacquey,@AOAConnect
serlarte,@AOAConnect
kulani_k,@AOAConnect
oftalmologiapr,@AOAConnect
XYZURainMaker1,@AOAConnect
AOA0915_minarin,@AOAConnect
visualeyesny,@AOAConnect
HaltonEyeCare,@AOAConnect
StphGlassHouse,@AOAConnect
DrYESnick2017,@AOAConnect
CooperVisionIn1,@AOAConnect
denvereyedocs1,@AOAConnect
DrStarryEyes,@AOAConnect
dukeeyecenter,@AOAConnect
CME4OD,@AOAConnect
metric_vision,@AOAConnect
Senthil241,@AOAConnect
OnlineReadingG1,@AOAConnect
moderneyeclinic,@AOAConnect
NityaMurthy,@AOAConnect
premiereyedoc,@AOAConnect
neovisionza,@AOAConnect
DM_Survivor,@AOAConnect
VisionEquip,@AOAConnect
MarinoEyeCare,@AOAConnect
BldrVznCntr,@AOAConnect
desireaxella,@AOAConnect
SecretOptom,@AOAConnect
ChildrenOptical,@AOAConnect
y_ocula,@AOAConnect
Accu_Lens,@AOAConnect
brienholdenSA,@AOAConnect
aspirehealthhr,@AOAConnect
visualoasisbb,@AOAConnect
AvonManTimothyB,@AOAConnect
ZRGMedical,@AOAConnect
yasminH52304070,@AOAConnect
authenticbetsy,@AOAConnect
DemPaulLib,@AOAConnect
MGreenwoodTR,@AOAConnect
KretzDr,@AOAConnect
BooneFamilyEye,@AOAConnect
FamilyFocusFDL,@AOAConnect
PequaPearle,@AOAConnect
WhatIsAmblyopia,@AOAConnect
eyewareness,@AOAConnect
TersigniMarc,@AOAConnect
health4everybod,@AOAConnect
dmainguycom,@AOAConnect
ChrisG_Inspired,@AOAConnect
worldophthalcon,@AOAConnect
barbellclamp,@AOAConnect
EyewearandCare,@AOAConnect
LisaAnd98018317,@AOAConnect
TotalEyecareTAS,@AOAConnect
munawardr168,@AOAConnect
Paw822Paw,@AOAConnect
ActiveyesBiz,@AOAConnect
arboreyecare,@AOAConnect
Grandscreens,@AOAConnect
TCAromance,@AOAConnect
luciiamontecchi,@AOAConnect
sweet_T_8,@AOAConnect
The_AOP,@AOAConnect
Italianstal76,@AOAConnect
orbezogabriela,@AOAConnect
DizzyInstitute,@AOAConnect
trentt94,@AOAConnect
eye_visionary,@AOAConnect
PogoTec,@AOAConnect
globaledspace,@AOAConnect
dryeyedoc_eb,@AOAConnect
LisaEblacker,@AOAConnect
thEYExperience,@AOAConnect
CCS_Abyde,@AOAConnect
SKERI_outreach,@AOAConnect
FarwaNawaz11,@AOAConnect
VanIsleLeah,@AOAConnect
TrinityEyeDoc,@AOAConnect
Sitbackntweet,@AOAConnect
EyeFloatersFix,@AOAConnect
iCETuk,@AOAConnect
DoctorCetina,@AOAConnect
ChooseOptikal,@AOAConnect
BOCeyes,@AOAConnect
Miiracullous,@AOAConnect
DryEyeAwareness,@AOAConnect
socialcss_gov,@AOAConnect
drwuoptometry,@AOAConnect
eyecareleaders,@AOAConnect
opticacouto,@AOAConnect
amrelynnn,@AOAConnect
bikashk07327903,@AOAConnect
dotJAMII,@AOAConnect
MertonVision,@AOAConnect
YorkMillsICare,@AOAConnect
directfundraise,@AOAConnect
doingthebiz_uk,@AOAConnect
JesseVisliselMD,@AOAConnect
MidwestSight,@AOAConnect
Shift7Lead,@AOAConnect
optixug,@AOAConnect
CordialTech,@AOAConnect
i_noos,@AOAConnect
IEHP_healthcare,@AOAConnect
theeyeshoppe,@AOAConnect
GmYcgZYwQCwLyMA,@AOAConnect
louisianaeye,@AOAConnect
bretttt42,@AOAConnect
gorecycleyrslf,@AOAConnect
Amjad_Mohmed,@AOAConnect
See_Clearly1,@AOAConnect
Fai9alM6airi,@AOAConnect
opiyodocholla,@AOAConnect
SDCBlind,@AOAConnect
untal_jeanpaul,@AOAConnect
SeeAbility,@AOAConnect
CGarSo87,@AOAConnect
DolzMarcoR,@AOAConnect
TruVoiceMimi,@AOAConnect
HeadwayFDN,@AOAConnect
DrJereGalletti,@AOAConnect
nasirsafi888,@AOAConnect
RamonYalldoOD,@AOAConnect
Koppelih,@AOAConnect
keesee13,@AOAConnect
LumegaZ,@AOAConnect
aik64,@AOAConnect
lwalshsix12,@AOAConnect
PeepersBowieMD,@AOAConnect
INTREPYLLC,@AOAConnect
hrebernick,@AOAConnect
mapdr,@AOAConnect
Abbaass14,@AOAConnect
look4optical,@AOAConnect
LeaAnneLittle,@AOAConnect
MissG_10,@AOAConnect
Danny_Patel,@AOAConnect
penguin_80,@AOAConnect
myHealthTalent,@AOAConnect
clarion_vision,@AOAConnect
Athletic_Eye,@AOAConnect
CGOptom,@AOAConnect
S_URRUTIA_C,@AOAConnect
waynemutter,@AOAConnect
JacqHiggins,@AOAConnect
jdaviesoptician,@AOAConnect
specsnetwork,@AOAConnect
Wedyan_Hassan,@AOAConnect
JOYFULLTOO,@AOAConnect
smoozie101,@AOAConnect
Azu_Musa_,@AOAConnect
BauschLombUK,@AOAConnect
Classic_Optical,@AOAConnect
literallygel,@AOAConnect
Sightbox,@AOAConnect
bullseyenyc,@AOAConnect
izumikubo052450,@AOAConnect
horderlynyc,@AOAConnect
FiftySquidVideo,@AOAConnect
chad_hudnall,@AOAConnect
MichiganEyeInst,@AOAConnect
JustJennaSlater,@AOAConnect
dineshchinnu911,@AOAConnect
MyEyeXpert,@AOAConnect
cromavision_co,@AOAConnect
Raied_F,@AOAConnect
Fox15W,@AOAConnect
GStar0881,@AOAConnect
KPSCALnews,@AOAConnect
Gesterow,@AOAConnect
OculusSantaFe,@AOAConnect
DEyecare,@AOAConnect
MhsnNaif,@AOAConnect
babulhossain34,@AOAConnect
EldredgeDr,@AOAConnect
BetterTennessee,@AOAConnect
NMcpitt,@AOAConnect
eg_nareth,@AOAConnect
Opticas_Munich,@AOAConnect
wamikachu,@AOAConnect
LKCTech,@AOAConnect
eyeinfocus,@AOAConnect
GoTelecare,@AOAConnect
Carocr14,@AOAConnect
Gafas_es,@AOAConnect
CSEC_TheEdge,@AOAConnect
DiscountGlasses,@AOAConnect
optimoda,@AOAConnect
Brunato3,@AOAConnect
Daisy6709,@AOAConnect
WilliamsonEye1,@AOAConnect
Visualisetc,@AOAConnect
ClinicasQvision,@AOAConnect
JustinMKendall_,@AOAConnect
Afanofjacks,@AOAConnect
TriciaStaples,@AOAConnect
idrllama,@AOAConnect
AyaSakhawy,@AOAConnect
TwubMoore,@AOAConnect
bnoyes,@AOAConnect
rpowellies,@AOAConnect
guillermoramas,@AOAConnect
patienteyecare,@AOAConnect
FACTmovement,@AOAConnect
kay_amiebenomo,@AOAConnect
osmel1982,@AOAConnect
SeeBetterDallas,@AOAConnect
MobileMollie,@AOAConnect
IndigoLtweets,@AOAConnect
MarshaZaman,@AOAConnect
ReticareSpain,@AOAConnect
rolarce1,@AOAConnect
BKenney1,@AOAConnect
424rachel,@AOAConnect
BQLIAHEC,@AOAConnect
eyecaredoc,@AOAConnect
mt_lz886,@AOAConnect
unacuhcp,@AOAConnect
DGuglani,@AOAConnect
QMSServicesInc,@AOAConnect
EyeCareCtrLtd,@AOAConnect
VistaAndina,@AOAConnect
BuyNewSpecs,@AOAConnect
ssmhealthwi,@AOAConnect
msn_3in,@AOAConnect
adesignerdidea,@AOAConnect
claricemitzzyy,@AOAConnect
ictedservices,@AOAConnect
joaquinfdezoft,@AOAConnect
digi_now,@AOAConnect
Awaisy1231,@AOAConnect
DrPragyan,@AOAConnect
jilliab1,@AOAConnect
jonnymorrell,@AOAConnect
ExciteITPartner,@AOAConnect
ChristinaAnn27,@AOAConnect
atlaschirosys,@AOAConnect
Infinity_AR,@AOAConnect
neuromodulate,@AOAConnect
ojosiemprejoven,@AOAConnect
KMichaelaJ,@AOAConnect
nystagmusorg,@AOAConnect
badassoptical,@AOAConnect
EnasMusa88,@AOAConnect
TXRetinaSurgeon,@AOAConnect
TanjaHichert,Futurist
geci,Futurist
Katindisivi,Futurist
merleobrien,Futurist
puruesh,Futurist
ayeshakhanna1,Futurist
kristinalford,Futurist
rachelbotsman,Futurist
j9j,Futurist
MareeConway,Futurist
KristinaDryza,Futurist
DrWendyDE,Futurist
shara_evans,Futurist
WFSFPres,Futurist
dojau,Futurist
Janelle_Marr,Futurist
McGInstitute,Futurist
prospective,Futurist
StephaniePride,Futurist
anita_kelleher,Futurist
livingarchitect,Futurist
pesska,Futurist
lcleries,Futurist
Millennia2015,Futurist
Fstyles,Futurist
edelkoort,Futurist
FeeleyJoanna,Futurist
LouiseFredbo,Futurist
morgainegaye,Futurist
noreenahertz,Futurist
Hintojen,Futurist
euvieivanova,Futurist
anabjain,Futurist
TamarKasriel,Futurist
kjaerglobal,Futurist
miseyk,Futurist
HLavoix,Futurist
TheNakedLawyer,Futurist
PatriciaLustig,Futurist
LiselotteLyngso,Futurist
pearlfisherlive,Futurist
DocNicola,Futurist
lucy8688,Futurist
sahtouris,Futurist
TamiraSnell,Futurist
JaanaTapanainen,Futurist
CatTullyFOH,Futurist
Kristelvde,Futurist
FreijavanDuijne,Futurist
LeadThought,Futurist
busynessgirl,Futurist
missmetaverse,Futurist
MadelineAshby,Futurist
myravery,Futurist
ayeletb,Futurist
feraldata,Futurist
AlishaBhagat,Futurist
francescabirks,Futurist
LisaBodell,Futurist
michelebowman,Futurist
zephoria,Futurist
nabula,Futurist
aftermillennial,Futurist
GayemarieBrown,Futurist
sherylconnelly,Futurist
leighbcook,Futurist
rebeccacosta,Futurist
localrat,Futurist
futressa,Futurist
Urbanverse,Futurist
MetaJulie1,Futurist
erigentry,Futurist
JoyceGioia,Futurist
nancygiordano,Futurist
mgorbis,Futurist
janlgordon,Futurist
ForesightAlianz,Futurist
rachelkeas,Futurist
ethicalmarkets,Futurist
JeanHouston,Futurist
jenjarratt,Futurist
Superforecastr,Futurist
cjjuech,Futurist
jesskimball,Futurist
RitaJKing,Futurist
mkonovalenko,Futurist
imankouvalis,Futurist
BarbaraHubbard,Futurist
avantgame,Futurist
jcmeister,Futurist
nilofer,Futurist
VenessaMiemis,Futurist
ymsalvatico,Futurist
alexandra4casts,Futurist
nmurphysf,Futurist
knauth2015,Futurist
DrClaireNelson,Futurist
ErOrange,Futurist
isabel_pedersen,Futurist
FaithPopcorn,Futurist
roboshrink,Futurist
katprince,Futurist
mlrhea,Futurist
SaraRobinson,Futurist
afromusing,Futurist
ngcrebecca,Futurist
mariansalzman,Futurist
heathervescent,Futurist
wendyinfutures,Futurist
cecilysommers,Futurist
Suzzle,Futurist
LaBlogga,Futurist
CultureofFuture,Futurist
kathivian,Futurist
digitalfemme,Futurist
CynWag1,Futurist
amywebb,Futurist
WEBfuturetrends,Futurist
StratNarrative,Futurist
neiltyson,Science Stars
ProfBrianCox,Science Stars
RichardDawkins,Science Stars
bengoldacre,Science Stars
BadAstronomer,Science Stars
michiokaku,Science Stars
SamHarrisOrg,Science Stars
HansRosling,Science Stars
timberners_lee,Science Stars
pzmyers,Science Stars
sapinker,Science Stars
RichardWiseman,Science Stars
LKrauss1,Science Stars
Atul_Gawande,Science Stars
OliverSacks,Science Stars
danariely,Science Stars
EricTopol,Science Stars
bgreene,Science Stars
MarcusduSautoy,Science Stars
seanmcarroll,Science Stars
ProfRWinston,Science Stars
RandomSpaceFact,Science Stars
carolynporco,Science Stars
SebastianThrun,Science Stars
phylogenomics,Science Stars
JCVenter,Science Stars
vaughanbell,Science Stars
orbitingfrog,Science Stars
MichaelEMann,Science Stars
Evolutionistrue,Science Stars
kinggary,Science Stars
plutokiller,Science Stars
starstryder,Science Stars
JFGariepy,Science Stars
BobMetcalfe,Science Stars
DanTGilbert,Science Stars
danlevitin,Science Stars
2020science,Science Stars
paulbloomatyale,Science Stars
social_brains,Science Stars
SethShostak,Science Stars
dgmacarthur,Science Stars
JohnAllenPaulos,Science Stars
DrVes,Science Stars
sbaroncohen,Science Stars
AmyMainzer,Science Stars
LabSpaces,Science Stars
kejames,Science Stars
mbeisen,Science Stars
neuroconscience,Science Stars
fcc_cio,Top100 CIOs
kimsstevenson,Top100 CIOs
jcycio,Top100 CIOs
obussmann,Top100 CIOs
reichental,Top100 CIOs
tcrawford,Top100 CIOs
dchou1107,Top100 CIOs
jayferro,Top100 CIOs
RamonFBaez,Top100 CIOs
mdkail,Top100 CIOs
steveatgoodlife,Top100 CIOs
andikaraboutis,Top100 CIOs
landryst,Top100 CIOs
wlassalle,Top100 CIOs
sfcitycio,Top100 CIOs
nflcio,Top100 CIOs
bhaines0,Top100 CIOs
andrewxwilson,Top100 CIOs
doerdi,Top100 CIOs
ALSWharton,Top100 CIOs
S_dF,Top100 CIOs
capriottisjason,Top100 CIOs
rwentechaney,Top100 CIOs
johnlshea,Top100 CIOs
brendacooper,Top100 CIOs
stevengsnyder,Top100 CIOs
DrGPradhan,Top100 CIOs
williamcaraher,Top100 CIOs
mbusigin,Top100 CIOs
westernunioncio,Top100 CIOs
GMFlickinger,Top100 CIOs
nyike,Top100 CIOs
stephenjdowns,Top100 CIOs
mzyw,Top100 CIOs
neiljpearce,Top100 CIOs
s_everaet,Top100 CIOs
amichaelberman,Top100 CIOs
vpfetter,Top100 CIOs
sdfenton,Top100 CIOs
christianMcM,Top100 CIOs
emergingedtech,Top100 CIOs
mskaff,Top100 CIOs
r1chardatron,Top100 CIOs
candidCIO,Top100 CIOs
sappley,Top100 CIOs
kevinbehr,Top100 CIOs
vkellen,Top100 CIOs
oucio,Top100 CIOs
tri4ever,Top100 CIOs
markwcarbone,Top100 CIOs
uwmadisoncio,Top100 CIOs
brettbobley,Top100 CIOs
dralissajay,Top100 CIOs
bobegan,Top100 CIOs
stoddardCA,Top100 CIOs
tomlap,Top100 CIOs
alswharton,Top100 CIOs
cio_baz,Top100 CIOs
_jfeldman,Top100 CIOs
sheilajordan90,Top100 CIOs
peterscampbell,Top100 CIOs
see_eye_oh,Top100 CIOs
brewerma,Top100 CIOs
intheknowCIO,Top100 CIOs
giangonz,Top100 CIOs
ashwinram,Top100 CIOs
thompsonfer,Top100 CIOs
rclemmons,Top100 CIOs
stevenvDC,Top100 CIOs
paulcoby,Top100 CIOs
eddiedonovan,Top100 CIOs
LisaM_Davis,Top100 CIOs
jhalamka,Top100 CIOs
jlubinsky,Top100 CIOs
lcongdon,Top100 CIOs
ravishan,Top100 CIOs
r1chardatron,Top100 CIOs
stukalsky,Top100 CIOs
andriola_UC,Top100 CIOs
chantal_c,Top100 CIOs
aabboud,Top100 CIOs
bsastokas,Top100 CIOs
msobie,Top100 CIOs
cio_adam,Top100 CIOs
_andrethomas_,Top100 CIOs
detroitcio,Top100 CIOs
sgschade,Top100 CIOs
rellinb,Top100 CIOs
kmmore,Top100 CIOs
suydam,Top100 CIOs
eyb,Top100 CIOs
tdanford,Top100 CIOs
kevin_m,Top100 CIOs
_MaryPierce,Tennis
A_Pivovarova,Tennis
Ajlatom,Tennis
akleybanova,Tennis
alekswozniak87,Tennis
AlexDulgheru,Tennis
AlisonVanUytvan,Tennis
alizecornet,Tennis
AlizeLim,Tennis
alizelim,Tennis
AllaK11,Tennis
anabelmedina,Tennis
AnaIvanovic,Tennis
anakonjuh,Tennis
AndreaHlavackov,Tennis
andreapetkovic,Tennis
andreea_mitu,Tennis
AngeliqueKerber,Tennis
ankatati,Tennis
Annagroenefeld,Tennis
annekeothavong,Tennis
ARadwanska,Tennis
Arantxarus,Tennis
arodionova,Tennis
ashbar96,Tennis
ayumi_morita,Tennis
bambamsam30,Tennis
BaraStrycova,Tennis
bartoli_marion,Tennis
BeckAnnika,Tennis
BelindaBencic,Tennis
BillieJeanKing,Tennis
CarlaSuarezNava,Tennis
CaroWozniacki,Tennis
carowozniacki,Tennis
caseydellacqua,Tennis
ChaniScheepers,Tennis
ChrissieEvert,Tennis
ChristinaMcHale,Tennis
Cibulkova,Tennis
cicibellis99,Tennis
Clijsterskim,Tennis
CoCoVandey,Tennis
conchitamartinz,Tennis
Daria_gav,Tennis
destaneeaiava,Tennis
dhantuchova,Tennis
Dinarik27,Tennis
DKasatkina,Tennis
DonnaVekic,Tennis
donnavekic,Tennis
ElenaFoundation,Tennis
elenidaniilidou,Tennis
ElinaSvitolina,Tennis
ErakovicMarina,Tennis
EVesnina001,Tennis
FlaviGise,Tennis
FlipperKF,Tennis
g_voskoboeva,Tennis
GabyDabrowski,Tennis
GarbiMuguruza,Tennis
geniebouchard,Tennis
Gibbsyyyy,Tennis
gidulko,Tennis
gomacro,Tennis
HeatherWatson92,Tennis
hozumieri,Tennis
HuracanGeorgi,Tennis
indydevroome,Tennis
IrinaFalconi,Tennis
IvetaBenesova,Tennis
JaksicJovana,Tennis
Jamie_Hampton,Tennis
jelena_jankovic,Tennis
JenCapriati,Tennis
jennifurbrady95,Tennis
JoKonta91,Tennis
juliaboserup,Tennis
juliagoerges,Tennis
KaPliskova,Tennis
katiejobrien,Tennis
kaylaeday,Tennis
kikibertens,Tennis
KikiMladenovic,Tennis
KrunicAlex,Tennis
laraarrua,Tennis
laurarobson5,Tennis
LaurenDavis93,Tennis
lisaraymond73,Tennis
Louisa_Chirico,Tennis
LTsurenko,Tennis
luciesafarova,Tennis
lucik2105,Tennis
Madison_Keys,Tennis
MagdaLinette,Tennis
Mal_Burdette,Tennis
mandyminella,Tennis
Maria_Tatjana,Tennis
mariasakkari,Tennis
MariaSharapova,Tennis
melanie_oudin,Tennis
melanieoudin17,Tennis
melaniesouth,Tennis
mhingis,Tennis
MichaHoncova,Tennis
MirzaSania,Tennis
misa_eguchi,Tennis
MisakiDoiTennis,Tennis
MisaKrajicek,Tennis
MonicaAce93,Tennis
MonicaSeles10s,Tennis
Moultonlevy,Tennis
Naomi_Osaka_,Tennis
NaomiBroady,Tennis
NastiaPav,Tennis
OFC_MGasparyan,Tennis
OGovortsova,Tennis
oliviarogowska,Tennis
Ons_Jabeur,Tennis
ozarisa7,Tennis
paula_ormaechea,Tennis
Petra_Kvitova,Tennis
petracet,Tennis
petrova_nadia,Tennis
PHShriver,Tennis
PolonaHercog,Tennis
puchkova5,Tennis
PutintsevaYulia,Tennis
queen_v21,Tennis
rennaestubbs,Tennis
Riske4rewards,Tennis
rominaopra,Tennis
RybarikovaMagda,Tennis
sabatinigabyok,Tennis
sabinelisicki,Tennis
SachiaVick,Tennis
samcrawford18,Tennis
sara_sorribes,Tennis
sarahborwell,Tennis
SelimaSfar,Tennis
serenawilliams,Tennis
sharon_fichman,Tennis
Shelby_Rogers_,Tennis
Simona_Halep,Tennis
SloaneStephens,Tennis
Sofia_Arvidsson,Tennis
solerespinosa,Tennis
sorana_cirstea,Tennis
stormsanders94,Tennis
SvetlanaK27,Tennis
tamira1990,Tennis
TaraMoore92,Tennis
TaylorTownsend,Tennis
tennis_jarkag,Tennis
thetracyaustin,Tennis
TimeaBabos,Tennis
TimeaOfficial,Tennis
titatorro,Tennis
TPironkova,Tennis
Varunchik1,Tennis
VDiatchenko,Tennis
Venuseswilliams,Tennis
verocepede,Tennis
vicky_duval95,Tennis
vika7,Tennis
WitthoeftCarina,Tennis
WTARisingStars,Tennis
yaninawickmaye8,Tennis
YungJan_Chan,Tennis
Zheng_Saisai,Tennis
lleytonhewitt,Tennis(Male)
Kon_Krav85,Tennis(Male)
Yimlife1313,Tennis(Male)
AsKaratsev,Tennis(Male)
troicki_viktor,Tennis(Male)
ArthurdeGreef,Tennis(Male)
borna_coric,Tennis(Male)
JasonKubler,Tennis(Male)
MattReid12345,Tennis(Male)
NicoJarry,Tennis(Male)
aisamhqureshi,Tennis(Male)
LuRendy,Tennis(Male)
JamesDuck21,Tennis(Male)
fmergea,Tennis(Male)
jordanthommmo2,Tennis(Male)
mchiudinelli33,Tennis(Male)
JanmikeGambill,Tennis(Male)
jiri_vesely,Tennis(Male)
RaduAlbot,Tennis(Male)
cilic_marin,Tennis(Male)
ThiemDomi,Tennis(Male)
dominglot,Tennis(Male)
AustinKrajicek,Tennis(Male)
Struffitennis,Tennis(Male)
Taylor_Fritz97,Tennis(Male)
jimchardy,Tennis(Male)
hanspodlipnik,Tennis(Male)
klein_brydan,Tennis(Male)
puravraja,Tennis(Male)
David__Goffin,Tennis(Male)
AdrianMannarino,Tennis(Male)
OfficialGoran,Tennis(Male)
tomasberdych,Tennis(Male)
stepec78,Tennis(Male)
rogerfederer,Tennis(Male)
TKokkinakis,Tennis(Male)
andrew_whitt93,Tennis(Male)
NickKyrgios,Tennis(Male)
UlisesBlanch,Tennis(Male)
BautistaAgut,Tennis(Male)
KasiTennis,Tennis(Male)
OJasika,Tennis(Male)
divijsharan,Tennis(Male)
abolt15,Tennis(Male)
AljazBedene,Tennis(Male)
AgusVelotti,Tennis(Male)
johnwpeers,Tennis(Male)
YacaMayer,Tennis(Male)
la_pouille,Tennis(Male)
Leander,Tennis(Male)
DzumhurDamir,Tennis(Male)
DennisNovikov,Tennis(Male)
alexdeminaur,Tennis(Male)
BBakesTennis,Tennis(Male)
pablocarreno91,Tennis(Male)
AndujarPablo,Tennis(Male)
SJohnson_89,Tennis(Male)
FTiafoe,Tennis(Male)
FerVerdasco,Tennis(Male)
AleGonzalezpro,Tennis(Male)
marcpolmans,Tennis(Male)
DelgadoJamie,Tennis(Male)
ReillyOpelka,Tennis(Male)
Evo151216,Tennis(Male)
DavidFerrer87,Tennis(Male)
DodigTennis,Tennis(Male)
AndreBegemann,Tennis(Male)
FrankyMoser,Tennis(Male)
karenkhachanov,Tennis(Male)
charlyberlocq,Tennis(Male)
GuillermoGLopez,Tennis(Male)
albertramos88,Tennis(Male)
TommyPaul1,Tennis(Male)
MikaelYmer,Tennis(Male)
machigonzalez1,Tennis(Male)
Noahrubin33,Tennis(Male)
BjornFratangelo,Tennis(Male)
renzolii,Tennis(Male)
SantiGiraldoSG,Tennis(Male)
BlakeMott96,Tennis(Male)
lukilacko,Tennis(Male)
Jknowle,Tennis(Male)
jasonjungtennis,Tennis(Male)
StefTsitsipas,Tennis(Male)
normansweden,Tennis(Male)
RafaelNadal,Tennis(Male)
jojomelzer,Tennis(Male)
BjorkmanTennis,Tennis(Male)
RobertFarah_,Tennis(Male)
M_Granollers,Tennis(Male)
nenadzim,Tennis(Male)
VasekPospisil,Tennis(Male)
MardyFish,Tennis(Male)
facubagnis,Tennis(Male)
eliasymer,Tennis(Male)
TRobredo,Tennis(Male)
NicoAlmagro,Tennis(Male)
TreatHuey,Tennis(Male)
chlindell91,Tennis(Male)
MRusselltennis,Tennis(Male)
DjokerNole,Tennis(Male)
Liambroady,Tennis(Male)
stefankozlov,Tennis(Male)
juanscabal,Tennis(Male)
filippeliwo,Tennis(Male)
AlejandroFalla,Tennis(Male)
tarodaniel93,Tennis(Male)
Bryanbrothers,Tennis(Male)
johnhmillman,Tennis(Male)
pereribamadrid,Tennis(Male)
BradleyKlahn,Tennis(Male)
flomayer,Tennis(Male)
guidoandreozzi,Tennis(Male)
Stako_tennis,Tennis(Male)
dani_gimeno,Tennis(Male)
deniskudla,Tennis(Male)
Charlymoya,Tennis(Male)
JackSock,Tennis(Male)
dieschwartzman,Tennis(Male)
TursunovTales,Tennis(Male)
TipsarevicJanko,Tennis(Male)
timsmyczek,Tennis(Male)
PabloCuevas22,Tennis(Male)
TommyHaas13,Tennis(Male)
TheBorisBecker,Tennis(Male)
blaz_kavcic,Tennis(Male)
delpotrojuan,Tennis(Male)
feliciano_lopez,Tennis(Male)
Chase_Buchanan,Tennis(Male)
freddienielsen,Tennis(Male)
denis_shapo,Tennis(Male)
picomonaco,Tennis(Male)
jamesmcgee01,Tennis(Male)
mattebden,Tennis(Male)
mbarton16,Tennis(Male)
Kohlscribbler,Tennis(Male)
keinishikori,Tennis(Male)
Mside83,Tennis(Male)
Dutzee,Tennis(Male)
gonzalezsanty,Tennis(Male)
Gael_Monfils,Tennis(Male)
JamesWardtennis,Tennis(Male)
ivokarlovic,Tennis(Male)
AlexWard1990,Tennis(Male)
LukeSaville18,Tennis(Male)
SamGrothTennis,Tennis(Male)
nealskupski,Tennis(Male)
JohnIsner,Tennis(Male)
colin_fleming,Tennis(Male)
kyle8edmund,Tennis(Male)
JimmyConnors,Tennis(Male)
ryanharrison92,Tennis(Male)
RajeevRam,Tennis(Male)
jesselevine7,Tennis(Male)
DinoMarcan,Tennis(Male)
Besterphilip,Tennis(Male)
RSoderling,Tennis(Male)
ebutorac,Tennis(Male)
GrigorDimitrov,Tennis(Male)
SomdevD,Tennis(Male)
KAndersonATP,Tennis(Male)
justingimelstob,Tennis(Male)
milosraonic,Tennis(Male)
AmerDelic,Tennis(Male)
rohanbopanna,Tennis(Male)
Bryanbros,Tennis(Male)
PPolansky,Tennis(Male)
mitch_krueger,Tennis(Male)
wesleykoolhof,Tennis(Male)
henrikontinen,Tennis(Male)
k_skupski,Tennis(Male)
jamie_murray,Tennis(Male)
andy_murray,Tennis(Male)
andyroddick,Tennis(Male)
AlexFGoldberg,Chemists
andrewbissette,Chemists
AnnaMapp,Chemists
AshworthSH,Chemists
AWTaylor83,Chemists
AzaPrins,Chemists
azmanam,Chemists
barneygrubbs,Chemists
bellatronic,Chemists
beth_halford,Chemists
BibianaCampos,Chemists
bstockwell,Chemists
carmendrahl,Chemists
CarolynBertozzi,Chemists
CaverKat,Chemists
cenmag,Chemists
ChemBark,Chemists
ChemConnector,Chemists
ChemDraw,Chemists
ChemicalBiology,Chemists
chemistinjapan,Chemists
Chemjobber,Chemists
ChemProfCramer,Chemists
Chemtips,Chemists
christhechang,Chemists
chronicleflask,Chemists
ClaireEEyers,Chemists
CommonChemist,Chemists
curiouswavefn,Chemists
davidkroll,Chemists
deborahblum,Chemists
declanfleming,Chemists
Dereklowe,Chemists
Dichtel,Chemists
docfreeride,Chemists
Dr_GHill,Chemists
DrRubidium,Chemists
DrStelling,Chemists
emilyreacts,Chemists
emmastoye,Chemists
fluorogrol,Chemists
Free_radical1,Chemists
FunSizeSuze,Chemists
InnocentWal,Chemists
JakeYeston,Chemists
jaspevacek,Chemists
JBuriak,Chemists
JessTheChemist,Chemists
jesswynn93,Chemists
jkemsley,Chemists
Kara_L_Bren,Chemists
karlDcollins,Chemists
KateyBirtcher,Chemists
KayakPhilip,Chemists
kjhaxton,Chemists
L_Howes,Chemists
l_wang_cen,Chemists
laurenkwolf,Chemists
leecronin,Chemists
LeighJKBoerner,Chemists
lisamjarvis,Chemists
Marcel_Swart,Chemists
MatToddChem,Chemists
MrJDexter,Chemists
MustLoveScience,Chemists
NeilWithers,Chemists
Organometallica,Chemists
pchirik,Chemists
PeONor,Chemists
PerditaB,Chemists
peterscott1965,Chemists
ProfArno,Chemists
professor_dave,Chemists
rachelpep,Chemists
RaySchaak,Chemists
reneewebs,Chemists
robajackson,Chemists
RotwangsRobot,Chemists
S_J_Lancaster,Chemists
saraheverts,Chemists
sciencegeist,Chemists
SeeArrOh,Chemists
SellaTheChemist,Chemists
Seneska,Chemists
SerinDabb,Chemists
SimonHiggins_60,Chemists
spscheung,Chemists
SuperScienceGrl,Chemists
susanmvickers,Chemists
TehshikYoon,Chemists
TheCollapsedPsi,Chemists
UnstableIsotope,Chemists
V_Saggiomo,Chemists
wbturnbull,Chemists
WPIBurdette,Chemists
